[
    {
        "FreeLookup":{
            "Error": "Status-Code",
            "name": "FreeLookup",
            "main": "free-lookup.net",
            "url": "https://free-lookup.net/{}",
            "url2": "https://free-lookup.net/{}",
            "Scrapable": "False",
            "Tag": ["Generic"]
        },

        "WhoseNumber":{
            "Error": "Message",
            "text": "No comments for this phone number",
            "name": "WhoseNumber",
            "main": "whosenumber.info",
            "url": "https://whosenumber.info/{}",
            "url2": "https://whosenumber.info/{}",
            "Scrapable": "False",
            "Tag": ["Generic"]
        },

        "SpamCalls":{
            "Error": "Message",
            "text": "User reports for the phone number are not (no longer) available.",
            "name": "SpamCalls",
            "main": "spamcalls.net",
            "url": "https://spamcalls.net/en/number/{}",
            "url2": "https://spamcalls.net/en/number/{}",
            "Scrapable": "False",
            "Tag": ["Generic"]
        }
    }
]
